{
  "total_processed": 2,
  "successful": 0,
  "failed": 2,
  "skipped": 3,
  "success_rate": 0.0,
  "processing_time": 8.335602045059204,
  "companies_per_minute": 14.396080733140096,
  "completed_at": "2025-06-05T06:13:25.583816"
}